press,ding_price
人民邮电出版社,89.00
人民邮电出版社,49.00
人民邮电出版社,49.00
人民邮电出版社,89.00
人民邮电出版社,118.00
人民邮电出版社,99.00
人民邮电出版社,168.00
人民邮电出版社,99.00
人民邮电出版社,267.00
人民邮电出版社,99.00
人民邮电出版社,29.00
人民邮电出版社,99.00
人民邮电出版社,99.00
人民邮电出版社,59.00
人民邮电出版社,59.00
人民邮电出版社,49.00
人民邮电出版社,69.00
人民邮电出版社,108.00
人民邮电出版社,109.00
人民邮电出版社,246.00
人民邮电出版社,99.00
人民邮电出版社,99.00
人民邮电出版社,119.00
人民邮电出版社,69.00
人民邮电出版社,59.00
人民邮电出版社,79.00
人民邮电出版社,59.00
人民邮电出版社,39.00
人民邮电出版社,69.00
人民邮电出版社,99.00
人民邮电出版社,69.00
人民邮电出版社,49.00
人民邮电出版社,99.00
人民邮电出版社,79.00
人民邮电出版社,89.00
人民邮电出版社,79.00
人民邮电出版社,89.00
人民邮电出版社,69.00
人民邮电出版社,187.00
人民邮电出版社,79.00
人民邮电出版社,69.00
人民邮电出版社,59.00
